AK-00,68
AL-01,45
AL-02,48
AL-03,47
AL-04,42
AL-05,41
AL-06,44
AL-07,43
AR-01,61
AR-02,60
AR-03,59
AR-04,66
AZ-01,74
AZ-02,73
AZ-03,72
AZ-04,79
AZ-05,78
AZ-06,77
AZ-07,76
AZ-08,52
AZ-09,51
CA-01,89
CA-02,86
CA-03,87
CA-04,92
CA-05,93
CA-06,90
CA-07,91
CA-08,80
CA-09,81
CA-10,88
CA-11,87
CA-12,86
CA-13,85
CA-14,92
CA-15,91
CA-16,90
CA-17,89
CA-18,80
CA-19,79
CA-20,84
CA-21,85
CA-22,86
CA-23,87
CA-24,88
CA-25,89
CA-26,90
CA-27,91
CA-28,76
CA-29,77
CA-30,84
CA-31,83
CA-32,86
CA-33,85
CA-34,88
CA-35,87
CA-36,90
CA-37,89
CA-38,76
CA-39,75
CA-40,96
CA-41,97
CA-42,94
CA-43,95
CA-44,92
CA-45,93
CA-46,90
CA-47,91
CA-48,88
CA-49,89
CA-50,96
CA-51,95
CA-52,94
CO-01,66
CO-02,67
CO-03,68
CO-04,92
CO-05,93
CO-06,63
CO-07,64
CO-08,73
CT-01,79
CT-02,78
CT-03,77
CT-04,76
CT-05,75
DE-00,85
FL-01,67
FL-02,64
FL-03,65
FL-04,70
FL-05,71
FL-06,68
FL-07,69
FL-08,74
FL-09,75
FL-10,70
FL-11,69
FL-12,68
FL-13,67
FL-14,74
FL-15,73
FL-16,72
FL-17,71
FL-18,78
FL-19,77
FL-20,62
FL-21,63
FL-22,64
FL-23,65
FL-24,66
FL-25,67
FL-26,68
FL-27,69
FL-28,70
GA-01,68
GA-02,65
GA-03,66
GA-04,63
GA-05,64
GA-06,61
GA-07,62
GA-08,59
GA-09,60
GA-10,67
GA-11,66
GA-12,65
GA-13,64
GA-14,63
HI-01,103
HI-02,75
IA-01,69
IA-02,70
IA-03,71
IA-04,72
ID-01,54
ID-02,57
IL-01,64
IL-02,67
IL-03,66
IL-04,61
IL-05,60
IL-06,63
IL-07,62
IL-08,57
IL-09,87
IL-10,65
IL-11,66
IL-12,67
IL-13,68
IL-14,61
IL-15,62
IL-16,63
IL-17,64
IN-01,70
IN-02,69
IN-03,68
IN-04,67
IN-05,66
IN-06,65
IN-07,64
IN-08,63
IN-09,62
KS-01,59
KS-02,60
KS-03,61
KS-04,62
KY-01,65
KY-02,62
KY-03,63
KY-04,68
KY-05,69
KY-06,66
LA-01,68
LA-02,40
LA-03,39
LA-04,65
LA-05,64
LA-06,67
MA-01,92
MA-02,93
MA-03,94
MA-04,87
MA-05,88
MA-06,89
MA-07,90
MA-08,99
MA-09,100
MD-01,83
MD-02,86
MD-03,85
MD-04,88
MD-05,87
MD-06,90
MD-07,89
MD-08,92
ME-01,65
ME-02,66
MI-01,67
MI-02,68
MI-03,69
MI-04,62
MI-05,63
MI-06,64
MI-07,65
MI-08,58
MI-09,59
MI-10,66
MI-11,65
MI-12,68
MI-13,67
MN-01,85
MN-02,84
MN-03,83
MN-04,90
MN-05,89
MN-06,88
MN-07,87
MN-08,78
MO-01,50
MO-02,47
MO-03,48
MO-04,53
MO-05,54
MO-06,51
MO-07,52
MO-08,72
MS-01,39
MS-02,36
MS-03,37
MS-04,34
MT-01,56
MT-02,59
NC-01,60
NC-02,63
NC-03,62
NC-04,57
NC-05,56
NC-06,59
NC-07,58
NC-08,69
NC-09,68
NC-10,57
NC-11,58
NC-12,59
NC-13,60
NC-14,53
ND-00,73
NE-01,82
NE-02,81
NE-03,80
NH-01,94
NH-02,91
NJ-01,78
NJ-02,79
NJ-03,80
NJ-04,73
NJ-05,74
NJ-06,75
NJ-07,76
NJ-08,100
NJ-09,101
NJ-10,81
NJ-11,80
NJ-12,83
NM-01,68
NM-02,67
NM-03,66
NV-01,59
NV-02,60
NV-03,61
NV-04,62
NY-01,60
NY-02,59
NY-03,89
NY-04,88
NY-05,87
NY-06,86
NY-07,85
NY-08,84
NY-09,83
NY-10,88
NY-11,89
NY-12,86
NY-13,87
NY-14,84
NY-15,85
NY-16,82
NY-17,83
NY-18,80
NY-19,81
NY-20,88
NY-21,87
NY-22,59
NY-23,89
NY-24,84
NY-25,83
NY-26,86
OH-01,55
OH-02,54
OH-03,53
OH-04,52
OH-05,51
OH-06,50
OH-07,49
OH-08,48
OH-09,47
OH-10,56
OH-11,57
OH-12,54
OH-13,55
OH-14,52
OH-15,53
OK-01,45
OK-02,46
OK-03,47
OK-04,71
OK-05,41
OR-01,83
OR-02,86
OR-03,85
OR-04,80
OR-05,79
OR-06,82
PA-01,57
PA-02,60
PA-03,59
PA-04,62
PA-05,61
PA-06,64
PA-07,63
PA-08,81
PA-09,80
PA-10,54
PA-11,55
PA-12,56
PA-13,57
PA-14,58
PA-15,59
PA-16,60
PA-17,61
RI-01,63
RI-02,62
SC-01,55
SC-02,56
SC-03,57
SC-04,58
SC-05,59
SC-06,60
SC-07,61
SD-00,64
TN-01,54
TN-02,51
TN-03,52
TN-04,57
TN-05,58
TN-06,55
TN-07,56
TN-08,61
TN-09,62
TX-01,74
TX-02,75
TX-03,76
TX-04,69
TX-05,70
TX-06,71
TX-07,72
TX-08,81
TX-09,51
TX-10,77
TX-11,76
TX-12,79
TX-13,78
TX-14,73
TX-15,72
TX-16,75
TX-17,74
TX-18,54
TX-19,53
TX-20,77
TX-21,78
TX-22,75
TX-23,76
TX-24,73
TX-25,74
TX-26,71
TX-27,72
TX-28,54
TX-29,55
TX-30,81
TX-31,80
TX-32,79
TX-33,78
TX-34,77
TX-35,76
TX-36,75
TX-37,74
TX-38,58
UT-01,71
UT-02,74
UT-03,73
UT-04,76
VA-01,70
VA-02,69
VA-03,68
VA-04,67
VA-05,97
VA-06,96
VA-07,95
VA-08,94
VA-09,93
VA-10,67
VA-11,68
VT-00,79
WA-01,94
WA-02,91
WA-03,92
WA-04,89
WA-05,90
WA-06,87
WA-07,88
WA-08,85
WA-09,86
WA-10,93
WI-01,78
WI-02,75
WI-03,76
WI-04,73
WI-05,74
WI-06,71
WI-07,72
WI-08,54
WV-01,60
WV-02,63
WY-00,74
